{"instanceVariables": {"c": 5, "size": 10, "temp": 25}, "x": [-1.5, -1.4, -1.3, -1.2, -1.1, -1.0, -0.9, -0.8, -0.7, -0.6, -0.5, -0.4, -0.3, -0.2, -0.1, 0.0, 0.1, 0.2, 0.3, 0.4, 0.5, 0.6, 0.7, 0.8, 0.9, 1.0, 1.1, 1.2, 1.3, 1.4, 1.5], "y": [82230300.0, 5927850.0, 121580.0, 2493.6, 51.1437, 1.04896, 0.021514, 0.000441253, 9.05008e-06, 1.85618e-07, 3.80789e-09, 7.88013e-11, 2.14143e-12, 5.04275e-13, 2.52137e-13, 3.30615e-14, 1.86015e-13, 3.66172e-13, 5.46335e-13, 7.26505e-13, 9.06683e-13, 1.08687e-12, 1.26706e-12, 1.44726e-12, 1.62747e-12, 1.80769e-12, 1.98791e-12, 2.16815e-12, 2.3484e-12, 2.52866e-12, 2.70892e-12]}