{"instanceVariables": {"c": 5, "size": 1, "temp": 120}, "x": [-1.5, -1.4, -1.3, -1.2, -1.1, -1.0, -0.9, -0.8, -0.7, -0.6, -0.5, -0.4, -0.3, -0.2, -0.1, 0.0, 0.1, 0.2, 0.3, 0.4, 0.5, 0.6, 0.7, 0.8, 0.9, 1.0, 1.1, 1.2, 1.3, 1.4, 1.5], "y": [751747.0, 39439.4, 2069.13, 108.554, 5.69515, 0.298789, 0.0156755, 0.000822396, 4.31459e-05, 2.26359e-06, 1.18757e-07, 6.23106e-09, 3.27362e-10, 1.74615e-11, 1.03248e-12, 3.27912e-13, 3.76661e-13, 5.61881e-13, 7.4732e-13, 9.32986e-13, 1.11889e-12, 1.30504e-12, 1.49145e-12, 1.67812e-12, 1.86508e-12, 2.05233e-12, 2.23988e-12, 2.42774e-12, 2.61594e-12, 2.80448e-12, 2.99337e-12]}