{"instanceVariables": {"c": 5, "size": 10, "temp": 40}, "x": [-1.5, -1.4, -1.3, -1.2, -1.1, -1.0, -0.9, -0.8, -0.7, -0.6, -0.5, -0.4, -0.3, -0.2, -0.1, 0.0, 0.1, 0.2, 0.3, 0.4, 0.5, 0.6, 0.7, 0.8, 0.9, 1.0, 1.1, 1.2, 1.3, 1.4, 1.5], "y": [889232000.0, 23281400.0, 238069.0, 1652.19, 11.4661, 0.0795744, 0.000552243, 3.83254e-06, 2.65989e-08, 1.85667e-10, 2.18103e-12, 8.74581e-13, 6.55936e-13, 4.3729e-13, 2.18645e-13, 1.68495e-14, 1.84946e-13, 3.64968e-13, 5.4499e-13, 7.25013e-13, 9.05035e-13, 1.08506e-12, 1.26508e-12, 1.4451e-12, 1.62513e-12, 1.80515e-12, 1.98517e-12, 2.1652e-12, 2.34522e-12, 2.52525e-12, 2.70527e-12]}