{"instanceVariables": {"c": 5, "size": 1, "temp": 40}, "x": [-1.5, -1.4, -1.3, -1.2, -1.1, -1.0, -0.9, -0.8, -0.7, -0.6, -0.5, -0.4, -0.3, -0.2, -0.1, 0.0, 0.1, 0.2, 0.3, 0.4, 0.5, 0.6, 0.7, 0.8, 0.9, 1.0, 1.1, 1.2, 1.3, 1.4, 1.5], "y": [124540000.0, 864304.0, 5998.24, 41.6275, 0.288893, 0.00200491, 1.3914e-05, 9.65639e-08, 6.714e-10, 5.73074e-12, 1.068e-12, 8.54399e-13, 6.40799e-13, 4.27199e-13, 2.136e-13, 1.66525e-14, 1.80295e-13, 3.60297e-13, 5.40299e-13, 7.20301e-13, 9.00304e-13, 1.08031e-12, 1.26031e-12, 1.44031e-12, 1.62031e-12, 1.80032e-12, 1.98032e-12, 2.16032e-12, 2.34032e-12, 2.52032e-12, 2.70033e-12]}