{"instanceVariables": {"c": 5, "size": 1, "temp": 25}, "x": [-1.5, -1.4, -1.3, -1.2, -1.1, -1.0, -0.9, -0.8, -0.7, -0.6, -0.5, -0.4, -0.3, -0.2, -0.1, 0.0, 0.1, 0.2, 0.3, 0.4, 0.5, 0.6, 0.7, 0.8, 0.9, 1.0, 1.1, 1.2, 1.3, 1.4, 1.5], "y": [7282040.0, 149354.0, 3063.26, 62.8273, 1.28859, 0.0264289, 0.000542055, 1.11175e-05, 2.28022e-07, 4.67777e-09, 9.68188e-11, 2.68729e-12, 6.98912e-13, 4.65941e-13, 2.32971e-13, 2.62863e-14, 1.80398e-13, 3.60414e-13, 5.4043e-13, 7.20447e-13, 9.00465e-13, 1.08048e-12, 1.2605e-12, 1.44052e-12, 1.62054e-12, 1.80057e-12, 1.98059e-12, 2.16061e-12, 2.34064e-12, 2.52066e-12, 2.70069e-12]}