{"instanceVariables": {"c": 5, "size": 10, "temp": 120}, "x": [-1.5, -1.4, -1.3, -1.2, -1.1, -1.0, -0.9, -0.8, -0.7, -0.6, -0.5, -0.4, -0.3, -0.2, -0.1, 0.0, 0.1, 0.2, 0.3, 0.4, 0.5, 0.6, 0.7, 0.8, 0.9, 1.0, 1.1, 1.2, 1.3, 1.4, 1.5], "y": [21483400.0, 1565340.0, 82123.4, 4308.49, 226.039, 11.8589, 0.622159, 0.0326407, 0.00171245, 8.98414e-05, 4.71341e-06, 2.47282e-07, 1.2972e-08, 6.79116e-10, 3.40149e-11, 1.41205e-11, 5.77387e-12, 6.00607e-12, 6.24046e-12, 6.47712e-12, 6.71616e-12, 6.95766e-12, 7.20174e-12, 7.4485e-12, 7.69805e-12, 7.95052e-12, 8.20602e-12, 8.46468e-12, 8.72663e-12, 8.99201e-12, 9.26096e-12]}