{"instanceVariables": {"c": 5, "size": 5, "temp": 25}, "x": [-1.5, -1.4, -1.3, -1.2, -1.1, -1.0, -0.9, -0.8, -0.7, -0.6, -0.5, -0.4, -0.3, -0.2, -0.1, 0.0, 0.1, 0.2, 0.3, 0.4, 0.5, 0.6, 0.7, 0.8, 0.9, 1.0, 1.1, 1.2, 1.3, 1.4, 1.5], "y": [55552900.0, 1139390.0, 23368.8, 479.294, 9.8303, 0.201619, 0.0041352, 8.48129e-05, 1.73951e-06, 3.56784e-08, 7.32641e-10, 1.5728e-11, 8.4781e-13, 4.85361e-13, 2.42681e-13, 3.04201e-14, 1.8184e-13, 3.61903e-13, 5.41969e-13, 7.22037e-13, 9.02108e-13, 1.08218e-12, 1.26226e-12, 1.44234e-12, 1.62242e-12, 1.80251e-12, 1.9826e-12, 2.1627e-12, 2.34279e-12, 2.5229e-12, 2.703e-12]}