{"instanceVariables": {"c": 5, "size": 5, "temp": 40}, "x": [-1.5, -1.4, -1.3, -1.2, -1.1, -1.0, -0.9, -0.8, -0.7, -0.6, -0.5, -0.4, -0.3, -0.2, -0.1, 0.0, 0.1, 0.2, 0.3, 0.4, 0.5, 0.6, 0.7, 0.8, 0.9, 1.0, 1.1, 1.2, 1.3, 1.4, 1.5], "y": [480243000.0, 6593560.0, 45759.1, 317.566, 2.2039, 0.0152949, 0.000106146, 7.36653e-07, 5.11359e-09, 3.65594e-11, 1.14957e-12, 8.65587e-13, 6.4919e-13, 4.32793e-13, 2.16397e-13, 1.74869e-14, 1.81423e-13, 3.61432e-13, 5.4144e-13, 7.21449e-13, 9.01458e-13, 1.08147e-12, 1.26148e-12, 1.44149e-12, 1.6215e-12, 1.80151e-12, 1.98151e-12, 2.16152e-12, 2.34153e-12, 2.52154e-12, 2.70155e-12]}