{"instanceVariables": {"c": 5, "size": 5, "temp": 120}, "x": [-1.5, -1.4, -1.3, -1.2, -1.1, -1.0, -0.9, -0.8, -0.7, -0.6, -0.5, -0.4, -0.3, -0.2, -0.1, 0.0, 0.1, 0.2, 0.3, 0.4, 0.5, 0.6, 0.7, 0.8, 0.9, 1.0, 1.1, 1.2, 1.3, 1.4, 1.5], "y": [5734890.0, 300873.0, 15784.9, 828.134, 43.4469, 2.27938, 0.119585, 0.00627385, 0.000329149, 1.72684e-05, 9.05963e-07, 4.75304e-08, 2.49378e-09, 1.30823e-10, 6.68339e-12, 2.63671e-12, 1.40998e-12, 1.61086e-12, 1.81261e-12, 2.01528e-12, 2.21889e-12, 2.42349e-12, 2.62912e-12, 2.83583e-12, 3.04365e-12, 3.25264e-12, 3.46284e-12, 3.6743e-12, 3.88708e-12, 4.10123e-12, 4.31681e-12]}