{"instanceVariables": {"c": 5, "size": 10, "temp": 40}, "x": [-1.5, -1.4, -1.3, -1.2, -1.1, -1.0, -0.9, -0.8, -0.7, -0.6, -0.5, -0.4, -0.3, -0.2, -0.1, 0.0, 0.1, 0.2, 0.3, 0.4, 0.5, 0.6, 0.7, 0.8, 0.9, 1.0, 1.1, 1.2, 1.3, 1.4, 1.5], "y": [988036000.0, 25868200.0, 264521.0, 1835.76, 12.7401, 0.0884159, 0.000613603, 4.25838e-06, 2.95544e-08, 2.06297e-10, 2.42336e-12, 9.71757e-13, 7.28817e-13, 4.85878e-13, 2.42939e-13, 1.87217e-14, 2.05496e-13, 4.0552e-13, 6.05545e-13, 8.0557e-13, 1.0056e-12, 1.20562e-12, 1.40565e-12, 1.60567e-12, 1.8057e-12, 2.00572e-12, 2.20575e-12, 2.40578e-12, 2.6058e-12, 2.80583e-12, 3.00586e-12]}