{"instanceVariables": {"c": 5, "size": 1, "temp": 25}, "x": [-1.5, -1.4, -1.3, -1.2, -1.1, -1.0, -0.9, -0.8, -0.7, -0.6, -0.5, -0.4, -0.3, -0.2, -0.1, 0.0, 0.1, 0.2, 0.3, 0.4, 0.5, 0.6, 0.7, 0.8, 0.9, 1.0, 1.1, 1.2, 1.3, 1.4, 1.5], "y": [8091160.0, 165950.0, 3403.62, 69.8081, 1.43176, 0.0293654, 0.000602284, 1.23528e-05, 2.53357e-07, 5.19752e-09, 1.07577e-10, 2.98588e-12, 7.76569e-13, 5.17712e-13, 2.58856e-13, 2.9207e-14, 2.00442e-13, 4.0046e-13, 6.00478e-13, 8.00497e-13, 1.00052e-12, 1.20054e-12, 1.40056e-12, 1.60058e-12, 1.8006e-12, 2.00063e-12, 2.20065e-12, 2.40068e-12, 2.60071e-12, 2.80074e-12, 3.00076e-12]}