{"instanceVariables": {"c": 5, "size": 10, "temp": 120}, "x": [-1.5, -1.4, -1.3, -1.2, -1.1, -1.0, -0.9, -0.8, -0.7, -0.6, -0.5, -0.4, -0.3, -0.2, -0.1, 0.0, 0.1, 0.2, 0.3, 0.4, 0.5, 0.6, 0.7, 0.8, 0.9, 1.0, 1.1, 1.2, 1.3, 1.4, 1.5], "y": [23870500.0, 1739270.0, 91248.2, 4787.22, 251.155, 13.1765, 0.691287, 0.0362675, 0.00190272, 9.98238e-05, 5.23712e-06, 2.74757e-07, 1.44134e-08, 7.54573e-10, 3.77943e-11, 1.56895e-11, 6.41541e-12, 6.67342e-12, 6.93385e-12, 7.1968e-12, 7.4624e-12, 7.73073e-12, 8.00193e-12, 8.27611e-12, 8.55339e-12, 8.83391e-12, 9.1178e-12, 9.4052e-12, 9.69625e-12, 9.99112e-12, 1.029e-11]}