{"instanceVariables": {"c": 5, "size": 10, "temp": 25}, "x": [-1.5, -1.4, -1.3, -1.2, -1.1, -1.0, -0.9, -0.8, -0.7, -0.6, -0.5, -0.4, -0.3, -0.2, -0.1, 0.0, 0.1, 0.2, 0.3, 0.4, 0.5, 0.6, 0.7, 0.8, 0.9, 1.0, 1.1, 1.2, 1.3, 1.4, 1.5], "y": [91367000.0, 6586500.0, 135089.0, 2770.67, 56.8263, 1.16551, 0.0239045, 0.000490281, 1.00556e-05, 2.06242e-07, 4.23099e-09, 8.7557e-11, 2.37937e-12, 5.60306e-13, 2.80153e-13, 3.6735e-14, 2.06683e-13, 4.06857e-13, 6.07039e-13, 8.07228e-13, 1.00743e-12, 1.20763e-12, 1.40785e-12, 1.60807e-12, 1.8083e-12, 2.00854e-12, 2.20879e-12, 2.40906e-12, 2.60933e-12, 2.80962e-12, 3.00991e-12]}