{"instanceVariables": {"c": 5, "size": 1, "temp": 40}, "x": [-1.5, -1.4, -1.3, -1.2, -1.1, -1.0, -0.9, -0.8, -0.7, -0.6, -0.5, -0.4, -0.3, -0.2, -0.1, 0.0, 0.1, 0.2, 0.3, 0.4, 0.5, 0.6, 0.7, 0.8, 0.9, 1.0, 1.1, 1.2, 1.3, 1.4, 1.5], "y": [138378000.0, 960338.0, 6664.71, 46.2528, 0.320993, 0.00222768, 1.546e-05, 1.07293e-07, 7.46e-10, 6.36749e-12, 1.18666e-12, 9.49332e-13, 7.11999e-13, 4.74666e-13, 2.37333e-13, 1.85028e-14, 2.00327e-13, 4.0033e-13, 6.00332e-13, 8.00335e-13, 1.00034e-12, 1.20034e-12, 1.40034e-12, 1.60035e-12, 1.80035e-12, 2.00035e-12, 2.20035e-12, 2.40036e-12, 2.60036e-12, 2.80036e-12, 3.00036e-12]}