{"instanceVariables": {"c": 5, "size": 1, "temp": 120}, "x": [-1.5, -1.4, -1.3, -1.2, -1.1, -1.0, -0.9, -0.8, -0.7, -0.6, -0.5, -0.4, -0.3, -0.2, -0.1, 0.0, 0.1, 0.2, 0.3, 0.4, 0.5, 0.6, 0.7, 0.8, 0.9, 1.0, 1.1, 1.2, 1.3, 1.4, 1.5], "y": [835274.0, 43821.5, 2299.04, 120.616, 6.32795, 0.331987, 0.0174173, 0.000913774, 4.79399e-05, 2.5151e-06, 1.31952e-07, 6.9234e-09, 3.63735e-10, 1.94017e-11, 1.14721e-12, 3.64346e-13, 4.18512e-13, 6.24313e-13, 8.30356e-13, 1.03665e-12, 1.24321e-12, 1.45005e-12, 1.65716e-12, 1.86458e-12, 2.07231e-12, 2.28036e-12, 2.48875e-12, 2.69749e-12, 2.9066e-12, 3.11608e-12, 3.32597e-12]}