{"instanceVariables": {"c": 5, "size": 5, "temp": 25}, "x": [-1.5, -1.4, -1.3, -1.2, -1.1, -1.0, -0.9, -0.8, -0.7, -0.6, -0.5, -0.4, -0.3, -0.2, -0.1, 0.0, 0.1, 0.2, 0.3, 0.4, 0.5, 0.6, 0.7, 0.8, 0.9, 1.0, 1.1, 1.2, 1.3, 1.4, 1.5], "y": [61725400.0, 1265990.0, 25965.3, 532.549, 10.9226, 0.224021, 0.00459467, 9.42366e-05, 1.93279e-06, 3.96427e-08, 8.14045e-10, 1.74755e-11, 9.42012e-13, 5.3929e-13, 2.69645e-13, 3.38001e-14, 2.02045e-13, 4.02115e-13, 6.02187e-13, 8.02263e-13, 1.00234e-12, 1.20242e-12, 1.40251e-12, 1.6026e-12, 1.80269e-12, 2.00279e-12, 2.20289e-12, 2.403e-12, 2.6031e-12, 2.80322e-12, 3.00334e-12]}