{"instanceVariables": {"c": 5, "size": 5, "temp": 120}, "x": [-1.5, -1.4, -1.3, -1.2, -1.1, -1.0, -0.9, -0.8, -0.7, -0.6, -0.5, -0.4, -0.3, -0.2, -0.1, 0.0, 0.1, 0.2, 0.3, 0.4, 0.5, 0.6, 0.7, 0.8, 0.9, 1.0, 1.1, 1.2, 1.3, 1.4, 1.5], "y": [6372100.0, 334303.0, 17538.8, 920.148, 48.2743, 2.53265, 0.132872, 0.00697095, 0.000365722, 1.91871e-05, 1.00663e-06, 5.28116e-08, 2.77087e-09, 1.45359e-10, 7.42599e-12, 2.92968e-12, 1.56664e-12, 1.78984e-12, 2.01401e-12, 2.2392e-12, 2.46543e-12, 2.69277e-12, 2.92125e-12, 3.15092e-12, 3.38183e-12, 3.61404e-12, 3.8476e-12, 4.08255e-12, 4.31898e-12, 4.55692e-12, 4.79646e-12]}