{"instanceVariables": {"c": 5, "size": 5, "temp": -40}, "x": [-1.5, -1.4, -1.3, -1.2, -1.1, -1.0, -0.9, -0.8, -0.7, -0.6, -0.5, -0.4, -0.3, -0.2, -0.1, 0.0, 0.1, 0.2, 0.3, 0.4, 0.5, 0.6, 0.7, 0.8, 0.9, 1.0, 1.1, 1.2, 1.3, 1.4, 1.5], "y": [533604000.0, 7326180.0, 50843.4, 352.851, 2.44877, 0.0169944, 0.00011794, 8.18503e-07, 5.68177e-09, 4.06215e-11, 1.2773e-12, 9.61763e-13, 7.21322e-13, 4.80882e-13, 2.40441e-13, 1.94299e-14, 2.01581e-13, 4.01591e-13, 6.016e-13, 8.0161e-13, 1.00162e-12, 1.20163e-12, 1.40164e-12, 1.60165e-12, 1.80166e-12, 2.00167e-12, 2.20168e-12, 2.40169e-12, 2.6017e-12, 2.80171e-12, 3.00172e-12]}