{"instanceVariables": {"c": 5, "size": 1, "temp": 120}, "x": [-1.5, -1.4, -1.3, -1.2, -1.1, -1.0, -0.9, -0.8, -0.7, -0.6, -0.5, -0.4, -0.3, -0.2, -0.1, 0.0, 0.1, 0.2, 0.3, 0.4, 0.5, 0.6, 0.7, 0.8, 0.9, 1.0, 1.1, 1.2, 1.3, 1.4, 1.5], "y": [918801.0, 48203.7, 2528.94, 132.678, 6.96075, 0.365186, 0.019159, 0.00100515, 5.27339e-05, 2.76661e-06, 1.45148e-07, 7.61574e-09, 4.00109e-10, 2.13419e-11, 1.26193e-12, 4.00781e-13, 4.60364e-13, 6.86744e-13, 9.13391e-13, 1.14032e-12, 1.36753e-12, 1.59505e-12, 1.82288e-12, 2.05104e-12, 2.27954e-12, 2.5084e-12, 2.73763e-12, 2.96724e-12, 3.19726e-12, 3.42769e-12, 3.65856e-12]}