{"instanceVariables": {"c": 5, "size": 10, "temp": 120}, "x": [-1.5, -1.4, -1.3, -1.2, -1.1, -1.0, -0.9, -0.8, -0.7, -0.6, -0.5, -0.4, -0.3, -0.2, -0.1, 0.0, 0.1, 0.2, 0.3, 0.4, 0.5, 0.6, 0.7, 0.8, 0.9, 1.0, 1.1, 1.2, 1.3, 1.4, 1.5], "y": [26257500.0, 1913190.0, 100373.0, 5265.94, 276.27, 14.4941, 0.760416, 0.0398942, 0.002093, 0.000109806, 5.76083e-06, 3.02233e-07, 1.58547e-08, 8.30031e-10, 4.15738e-11, 1.72584e-11, 7.05696e-12, 7.34076e-12, 7.62723e-12, 7.91648e-12, 8.20864e-12, 8.50381e-12, 8.80213e-12, 9.10372e-12, 9.40873e-12, 9.7173e-12, 1.00296e-11, 1.03457e-11, 1.06659e-11, 1.09902e-11, 1.1319e-11]}