{"instanceVariables": {"c": 5, "size": 10, "temp": -40}, "x": [-1.5, -1.4, -1.3, -1.2, -1.1, -1.0, -0.9, -0.8, -0.7, -0.6, -0.5, -0.4, -0.3, -0.2, -0.1, 0.0, 0.1, 0.2, 0.3, 0.4, 0.5, 0.6, 0.7, 0.8, 0.9, 1.0, 1.1, 1.2, 1.3, 1.4, 1.5], "y": [1086840000.0, 28455100.0, 290973.0, 2019.34, 14.0141, 0.0972575, 0.000674963, 4.68422e-06, 3.25098e-08, 2.26926e-10, 2.6657e-12, 1.06893e-12, 8.01699e-13, 5.34466e-13, 2.67233e-13, 2.05938e-14, 2.26046e-13, 4.46072e-13, 6.66099e-13, 8.86127e-13, 1.10615e-12, 1.32618e-12, 1.54621e-12, 1.76624e-12, 1.98627e-12, 2.20629e-12, 2.42632e-12, 2.64635e-12, 2.86638e-12, 3.08641e-12, 3.30644e-12]}