{"instanceVariables": {"c": 5, "size": 1, "temp": 25}, "x": [-1.5, -1.4, -1.3, -1.2, -1.1, -1.0, -0.9, -0.8, -0.7, -0.6, -0.5, -0.4, -0.3, -0.2, -0.1, 0.0, 0.1, 0.2, 0.3, 0.4, 0.5, 0.6, 0.7, 0.8, 0.9, 1.0, 1.1, 1.2, 1.3, 1.4, 1.5], "y": [8900280.0, 182544.0, 3743.98, 76.7889, 1.57494, 0.032302, 0.000662512, 1.35881e-05, 2.78693e-07, 5.71728e-09, 1.18334e-10, 3.28447e-12, 8.54226e-13, 5.69484e-13, 2.84742e-13, 3.21277e-14, 2.20486e-13, 4.40505e-13, 6.60526e-13, 8.80546e-13, 1.10057e-12, 1.32059e-12, 1.54061e-12, 1.76064e-12, 1.98066e-12, 2.20069e-12, 2.42072e-12, 2.64075e-12, 2.86078e-12, 3.08081e-12, 3.30084e-12]}