{"instanceVariables": {"c": 5, "size": 10, "temp": 25}, "x": [-1.5, -1.4, -1.3, -1.2, -1.1, -1.0, -0.9, -0.8, -0.7, -0.6, -0.5, -0.4, -0.3, -0.2, -0.1, 0.0, 0.1, 0.2, 0.3, 0.4, 0.5, 0.6, 0.7, 0.8, 0.9, 1.0, 1.1, 1.2, 1.3, 1.4, 1.5], "y": [100504000.0, 7245140.0, 148598.0, 3047.74, 62.5089, 1.28206, 0.026295, 0.000539309, 1.10612e-05, 2.26866e-07, 4.65409e-09, 9.63127e-11, 2.61731e-12, 6.16336e-13, 3.08168e-13, 4.04085e-14, 2.27351e-13, 4.47543e-13, 6.67743e-13, 8.87951e-13, 1.10817e-12, 1.32839e-12, 1.54863e-12, 1.76887e-12, 1.98913e-12, 2.2094e-12, 2.42967e-12, 2.64996e-12, 2.87026e-12, 3.09058e-12, 3.31091e-12]}