{"instanceVariables": {"c": 5, "size": 1, "temp": 40}, "x": [-1.5, -1.4, -1.3, -1.2, -1.1, -1.0, -0.9, -0.8, -0.7, -0.6, -0.5, -0.4, -0.3, -0.2, -0.1, 0.0, 0.1, 0.2, 0.3, 0.4, 0.5, 0.6, 0.7, 0.8, 0.9, 1.0, 1.1, 1.2, 1.3, 1.4, 1.5], "y": [152216000.0, 1056370.0, 7331.18, 50.8781, 0.353092, 0.00245044, 1.7006e-05, 1.18023e-07, 8.206e-10, 7.00424e-12, 1.30533e-12, 1.04427e-12, 7.83199e-13, 5.22133e-13, 2.61066e-13, 2.03531e-14, 2.2036e-13, 4.40363e-13, 6.60365e-13, 8.80368e-13, 1.10037e-12, 1.32037e-12, 1.54038e-12, 1.76038e-12, 1.98038e-12, 2.20039e-12, 2.42039e-12, 2.64039e-12, 2.86039e-12, 3.0804e-12, 3.3004e-12]}