{"instanceVariables": {"c": 5, "size": 5, "temp": 40}, "x": [-1.5, -1.4, -1.3, -1.2, -1.1, -1.0, -0.9, -0.8, -0.7, -0.6, -0.5, -0.4, -0.3, -0.2, -0.1, 0.0, 0.1, 0.2, 0.3, 0.4, 0.5, 0.6, 0.7, 0.8, 0.9, 1.0, 1.1, 1.2, 1.3, 1.4, 1.5], "y": [586964000.0, 8058800.0, 55927.7, 388.136, 2.69365, 0.0186938, 0.000129734, 9.00353e-07, 6.24994e-09, 4.46837e-11, 1.40503e-12, 1.05794e-12, 7.93454e-13, 5.2897e-13, 2.64485e-13, 2.13729e-14, 2.21739e-13, 4.4175e-13, 6.6176e-13, 8.81772e-13, 1.10178e-12, 1.32179e-12, 1.54181e-12, 1.76182e-12, 1.98183e-12, 2.20184e-12, 2.42185e-12, 2.64186e-12, 2.86187e-12, 3.08189e-12, 3.3019e-12]}