{"instanceVariables": {"c": 5, "size": 5, "temp": 120}, "x": [-1.5, -1.4, -1.3, -1.2, -1.1, -1.0, -0.9, -0.8, -0.7, -0.6, -0.5, -0.4, -0.3, -0.2, -0.1, 0.0, 0.1, 0.2, 0.3, 0.4, 0.5, 0.6, 0.7, 0.8, 0.9, 1.0, 1.1, 1.2, 1.3, 1.4, 1.5], "y": [7009300.0, 367734.0, 19292.7, 1012.16, 53.1018, 2.78591, 0.146159, 0.00766804, 0.000402294, 2.11058e-05, 1.10729e-06, 5.80928e-08, 3.04795e-09, 1.59895e-10, 8.16859e-12, 3.22264e-12, 1.7233e-12, 1.96883e-12, 2.21541e-12, 2.46312e-12, 2.71198e-12, 2.96205e-12, 3.21337e-12, 3.46601e-12, 3.72002e-12, 3.97544e-12, 4.23235e-12, 4.49081e-12, 4.75087e-12, 5.01261e-12, 5.2761e-12]}