{"instanceVariables": {"c": 5, "size": 5, "temp": 25}, "x": [-1.5, -1.4, -1.3, -1.2, -1.1, -1.0, -0.9, -0.8, -0.7, -0.6, -0.5, -0.4, -0.3, -0.2, -0.1, 0.0, 0.1, 0.2, 0.3, 0.4, 0.5, 0.6, 0.7, 0.8, 0.9, 1.0, 1.1, 1.2, 1.3, 1.4, 1.5], "y": [67898000.0, 1392590.0, 28561.9, 585.803, 12.0148, 0.246423, 0.00505414, 0.00010366, 2.12607e-06, 4.36069e-08, 8.95449e-10, 1.92231e-11, 1.03621e-12, 5.93219e-13, 2.9661e-13, 3.71801e-14, 2.22249e-13, 4.42326e-13, 6.62406e-13, 8.82489e-13, 1.10258e-12, 1.32267e-12, 1.54276e-12, 1.76286e-12, 1.98296e-12, 2.20307e-12, 2.42318e-12, 2.64329e-12, 2.86341e-12, 3.08354e-12, 3.30367e-12]}